tpidgeley0;20/11/2005;Female;0
ajantzen1;6/2/1992;Male;0
skiehnlt2;22/12/2019;Male;0
cmarjot3;29/5/1947;Female;1
dmcglue4;31/8/1958;Male;0
jtheobold5;28/9/1978;Male;1
nrhys6;13/11/1967;Male;0
jcomoletti7;23/7/1944;Male;1
chandover8;23/12/2002;Male;0
pscrivens9;3/10/1988;Male;0
atroopa;19/12/2015;Male;0
fsteffansb;19/7/1972;Female;0
lgabbitusc;27/7/1959;Male;1
ptunderd;3/2/1970;Female;1
jradbornee;30/4/1974;Male;0
laspreyf;9/1/2007;Female;1
opendockg;7/5/2018;Female;1
jdubockh;16/8/1986;Female;0
njeppi;8/2/1980;Female;1
gtroddj;30/7/1979;Male;0
tredhousek;14/5/1994;Female;1
schippindalel;5/8/1961;Female;0
itabbernorm;27/4/2013;Female;0
eearingeyn;24/7/1984;Female;1
ltigwello;4/5/1944;Male;1
flasslettp;9/4/2012;Female;0
kaskamq;22/8/1959;Male;1
greefr;9/3/1950;Female;1
bstorks;21/1/2003;Male;0
cmurrt;19/1/1946;Male;1
airedaleu;20/11/1975;Female;0
fivanaevv;31/12/2009;Male;1
gschmuhlw;3/8/1959;Male;1
jpunchx;10/8/1977;Male;1
cshawdforthy;7/8/2004;Male;1
hruusaz;16/10/1967;Female;0
bjindra10;24/7/2012;Female;0
fpelman11;13/9/1992;Female;1
ygrinaugh12;8/8/1990;Female;0
knoke13;11/2/1955;Male;1
utitchard14;11/1/2017;Male;0
cbumpus15;17/3/2019;Male;0
kleopold16;4/12/1987;Male;0
egentile17;23/6/1976;Male;1
dsloley18;9/7/1972;Female;1
pbartocci19;23/6/2010;Male;0
bswannack1a;2/11/2010;Female;0
vmcneillie1b;31/10/1966;Male;0
wfrankes1c;15/3/1961;Male;0
mbim1d;17/5/2018;Female;1
aluberti1e;27/3/2001;Male;1
mcharkham1f;18/4/1975;Male;0
lwhittock1g;1/1/1953;Male;0
adumbelton1h;13/7/1959;Female;1
elittlejohn1i;1/8/2001;Male;1
sbrockman1j;28/8/1982;Male;1
jfaircliff1k;29/7/1957;Male;0
zindgs1l;12/10/2003;Male;1
bcourson1m;6/7/1983;Female;1
cfishleigh1n;24/8/2019;Male;1
jbento1o;5/6/1994;Female;0
jcrumly1p;26/12/1941;Male;0
ahuxter1q;29/3/1955;Male;0
cszymaniak1r;22/3/2015;Female;0
bfranken1s;12/3/1996;Female;0
nscoular1t;27/6/1957;Female;1
tmarien1u;4/8/1947;Female;1
kkipping1v;12/6/1970;Male;1
hshovlar1w;10/11/1981;Female;1
bluc1x;13/10/1949;Female;1
bdeguise1y;14/1/1995;Male;0
restabrook1z;2/6/1942;Male;0
enuttey20;17/12/1964;Female;1
ldanis21;11/4/1942;Female;0
rleif22;17/9/1977;Male;1
hmerriton23;28/6/1959;Male;0
dblackadder24;5/2/1961;Male;0
aroddie25;7/10/1979;Female;1
wlodewick26;5/10/2015;Male;1
cfrugier27;5/8/1975;Female;1
mfeighry28;24/8/1969;Male;1
rvangeffen29;9/10/2009;Male;0
mnolin2a;14/9/1967;Female;0
tcamacho2b;27/8/1959;Male;1
cparidge2c;18/5/1987;Male;0
npitkeathly2d;7/2/1952;Female;0
mgouth2e;21/11/1967;Female;1
dbachellier2f;29/6/1955;Female;1
jcrighten2g;6/1/1984;Female;0
etrevascus2h;1/11/1942;Male;1
ashowell2i;28/11/1979;Female;0
lsamarth2j;28/4/1954;Female;1
thaugeh2k;11/12/1986;Male;1
rlanphier2l;15/12/2016;Male;1
cmunro2m;15/12/1981;Female;1
mnairn2n;1/10/1944;Female;1
bbriggs2o;13/11/1949;Male;0
dselman2p;16/3/2001;Female;0
maire2q;27/4/1972;Female;0
bondrasek2r;16/9/1955;Female;0
jcarff2s;23/7/1973;Female;1
lstein2t;11/2/1985;Male;0
acreavin2u;11/6/1974;Male;1
plynnitt2v;3/5/1952;Female;0
aduhamel2w;25/8/1957;Female;1
ndomniney2x;30/3/1963;Male;1
fkobpac2y;14/7/2003;Male;1
hhassell2z;15/9/1940;Female;0
igration30;27/2/1987;Female;1
xcorstan31;3/5/1950;Female;1
sbedenham32;8/11/2014;Male;1
tmoan33;28/9/1983;Female;1
jelliman34;12/4/2000;Female;0
himlach35;3/11/1947;Non Binary;0
dpaddeley36;29/3/2004;Female;1
dbilyard37;23/12/1964;Female;0
abamblett38;3/2/1954;Male;1
smazonowicz39;29/11/1966;Female;0
myielding3a;9/1/1964;Male;1
tiffe3b;4/5/1952;Male;1
mzanardii3c;17/2/1972;Male;1
wquarrington3d;17/2/1948;Female;1
frutherfoord3e;10/8/2007;Female;0
dhaugen3f;1/4/1964;Female;1
ccoolican3g;8/4/1983;Female;1
gaddis3h;25/12/2006;Female;0
kskae3i;30/5/2000;Female;0
ofountaine3j;12/11/1941;Non Binary;0
spayley3k;28/12/1967;Female;1
lcondie3l;31/8/1954;Male;1
bbaseke3m;11/5/1986;Female;0
hdreng3n;5/1/1955;Female;0
wscrammage3o;23/11/1967;Female;0
phouselee3p;5/10/1979;Female;0
gdodgshun3q;13/4/1992;Female;1
jdealy3r;2/5/2016;Female;0
crohloff3s;26/2/1957;Female;1
rboakes3t;17/2/1946;Male;0
anickolls3u;10/4/1976;Female;0
jvossing3v;8/4/1973;Non Binary;0
csiege3w;13/12/1941;Female;1
gnicklin3x;29/6/2014;Male;0
jcummungs3y;20/12/1992;Male;1
dhollyland3z;5/10/1942;Male;0
afaulo40;22/11/1981;Female;1
singleton41;21/9/1967;Female;1
mvaillant42;20/2/1952;Female;0
pkynston43;24/9/1992;Female;0
vmccowan44;18/5/1944;Female;0
syeabsley45;16/5/2011;Male;1
iingilson46;7/11/1982;Male;1
elovering47;4/10/1985;Male;1
rbuie48;1/3/1996;Non Binary;1
arobart49;18/10/1958;Male;0
ecage4a;27/2/1973;Male;1
cmolineux4b;7/9/2016;Female;1
sgiron4c;24/4/1948;Male;1
blawerence4d;7/10/2005;Male;0
cnealon4e;15/8/1946;Female;0
fubsdell4f;21/2/1951;Female;1
dlandells4g;31/10/1995;Male;0
fwride4h;15/2/1949;Male;1
gvirgin4i;3/7/1996;Female;0
avarcoe4j;6/9/1966;Female;0
dwestphal4k;8/4/2012;Non Binary;1
smaffioletti4l;4/5/1954;Non Binary;0
mmaskell4m;12/5/2002;Male;0
tbaines4n;20/10/1972;Female;0
vmuslim4o;10/4/1943;Female;1
lcordon4p;7/8/2004;Female;0
sfancet4q;20/11/1952;Male;0
ecowdrey4r;17/3/2000;Male;1
ochesters4s;2/3/1975;Female;1
nwhitbread4t;3/8/1959;Female;1
kjedrzej4u;22/5/2014;Male;1
eallkins4v;4/10/1957;Female;0
jsearson4w;26/7/1983;Female;0
ejanuaryst4x;5/9/2006;Female;0
josboldstone4y;31/10/1964;Female;1
iparsley4z;17/2/1941;Female;0
bhavik50;3/2/1955;Non Binary;1
zmctear51;29/5/2002;Male;0
elamboll52;30/7/1993;Male;0
jlemonnier53;2/12/1963;Male;0
bmazillius54;26/3/1950;Female;1
marson55;7/3/1985;Female;1
pspackman56;14/5/1945;Female;0
pdakhov57;2/10/1958;Male;0
mdrinkwater58;1/9/1946;Female;0
gcullotey59;5/11/2019;Male;1
lleads5a;14/7/1942;Female;1
tstops5b;7/4/1998;Female;1
nocarroll5c;13/12/1967;Female;0
givanishev5d;20/11/2018;Female;0
mpietruszka5e;3/3/1973;Female;1
cjaspar5f;15/11/2001;Male;0
cnewell5g;4/7/1998;Male;0
nleguay5h;30/5/1943;Female;1
bconnar5i;30/9/1960;Female;0
tsirette5j;29/4/1993;Male;1
