fcoal0,7/9/1964,Male,1,Unemp
fseeley1,18/8/1975,Female,1,Unemp
gjamieson2,25/5/1990,Male,0,Emp
lboydon3,18/9/2010,Male,0,Unemp
esammonds4,15/6/1982,Female,0,Emp
lrowter5,17/6/1949,Male,1,Unemp
aboscott6,30/4/2017,Male,1,Unemp
tbottrell7,11/4/1991,Male,1,Unemp
ptrusse8,1/6/1996,Male,0,Emp
snyland9,27/8/1982,Male,0,Unemp
bsimonda,25/9/1985,Male,0,Emp
mstanfieldb,8/4/1981,Male,1,Unemp
trowthornec,26/4/1968,Male,0,Emp
pmongaind,20/2/1986,Male,1,Emp
zdegoeye,14/5/1975,Male,0,Emp
rfleischf,25/8/1968,Male,1,Emp
slubertog,8/8/1966,Male,0,Emp
pbenyanh,31/7/2015,Female,1,Emp
ncheshirei,3/5/1967,Female,0,Unemp
dliquorishj,5/4/1959,Female,1,Unemp
jhaggiek,3/1/2005,Female,1,Unemp
dgaroghanl,15/6/1960,Female,1,Unemp
agilbartm,22/10/1978,Female,1,Emp
blissemoren,3/8/2006,Male,0,Unemp
jdicto,28/7/1967,Male,0,Unemp
pwalpolep,15/2/1957,Female,0,Emp
wleaderq,20/5/2016,Male,0,Emp
bdixeyr,17/11/2001,Female,1,Unemp
ahubbards,4/9/2017,Female,1,Unemp
kpresdeet,22/1/2006,Male,1,Emp
mlittleyu,9/6/1974,Female,1,Emp
hbanfillv,11/11/1980,Male,1,Unemp
htareew,25/10/1949,Male,0,Emp
lshentonx,16/7/1943,Female,0,Emp
dpresideyy,5/8/2006,Female,0,Unemp
qmarksonz,28/10/2002,Female,1,Unemp
jwolstencroft10,6/11/1970,Female,0,Unemp
aneasam11,5/1/1940,Female,1,Emp
lpollicote12,8/4/1968,Male,1,Emp
bbartrum13,22/7/1970,Male,0,Unemp
smcaughtrie14,28/7/1962,Female,0,Emp
csans15,19/4/1954,Male,1,Unemp
pquested16,11/11/1992,Female,0,Unemp
dpaulig17,2/7/1979,Male,1,Unemp
biowarch18,14/10/1988,Female,1,Emp
hgoublier19,2/1/1986,Female,1,Emp
sber1a,22/12/2009,Male,1,Emp
adalesco1b,7/5/1949,Male,1,Unemp
narnowitz1c,12/7/1990,Male,0,Emp
cshakesby1d,5/3/1965,Female,1,Emp
etolussi1e,19/12/1975,Male,0,Unemp
srowcliffe1f,25/4/1983,Male,1,Emp
icyples1g,7/4/1984,Male,0,Unemp
psibyllina1h,4/5/2009,Female,1,Unemp
mcurlis1i,14/2/2019,Male,0,Unemp
sloadman1j,2/8/1985,Female,1,Unemp
wsmogur1k,5/4/1981,Female,0,Emp
klukesch1l,27/1/1940,Female,1,Unemp
ajordi1m,14/1/1996,Male,1,Unemp
wrobben1n,8/6/1963,Female,1,Emp
bmaren1o,19/7/2017,Female,1,Unemp
ywinkell1p,4/9/1989,Female,0,Unemp
cjauncey1q,5/1/1956,Male,0,Unemp
ipagon1r,13/10/1973,Male,1,Unemp
nstuke1s,10/5/1976,Female,1,Unemp
lfogel1t,10/12/1968,Female,0,Unemp
tkemble1u,1/6/2004,Female,0,Emp
aoldmeadow1v,5/6/1991,Male,1,Unemp
gtirrey1w,16/3/2006,Female,0,Unemp
mfeldon1x,21/11/1967,Female,0,Unemp
ymartt1y,30/6/1972,Male,0,Unemp
gcope1z,13/4/1969,Male,0,Unemp
cdelacoste20,5/1/1944,Male,1,Unemp
tkeitch21,21/9/2015,Female,0,Unemp
ajanca22,9/1/2008,Male,0,Emp
bbrowell23,27/3/2002,Male,1,Emp
ftabart24,3/12/1969,Male,1,Unemp
alanglands25,18/11/1963,Female,1,Unemp
gpegg26,1/2/2017,Male,0,Emp
cpennings27,16/7/1995,Male,0,Emp
zboldra28,26/2/1992,Female,1,Emp
kforson29,25/2/1967,Male,0,Unemp
galps2a,7/7/1957,Male,1,Emp
tbeadnall2b,9/10/1960,Female,0,Emp
byarmouth2c,19/6/1942,Female,1,Unemp
rwiley2d,4/10/2011,Female,0,Emp
fthurstance2e,3/5/1950,Female,0,Unemp
mfeaveer2f,11/10/1956,Female,1,Unemp
sstraker2g,10/5/1977,Male,1,Unemp
sramalho2h,1/2/2011,Female,0,Emp
lhawler2i,2/6/1977,Female,0,Emp
ccudworth2j,21/4/1995,Female,1,Unemp
ccerie2k,3/9/2017,Male,1,Unemp
jeglin2l,30/3/1986,Female,0,Emp
asanz2m,14/8/1991,Male,1,Emp
rjochens2n,13/9/1941,Male,0,Emp
rzaniolo2o,11/12/1944,Male,1,Unemp
sshephard2p,26/6/2017,Male,1,Emp
twegner2q,27/1/1969,Male,1,Unemp
hgoodley2r,24/11/1994,Female,0,Emp
amccarle2s,28/3/2011,Female,1,Emp
acheng2t,15/6/1954,Female,1,Emp
sshadfourth2u,1/10/1988,Female,1,Unemp
jtolley2v,26/10/1993,Male,0,Emp
ctackes2w,16/6/1998,Male,0,Unemp
tfarrears2x,31/12/1987,Female,1,Emp
mtrippitt2y,8/5/1993,Male,0,Unemp
bjoney2z,1/6/1978,Male,1,Emp
gsullivan30,1/6/1999,Male,1,Emp
droussell31,15/6/1968,Female,1,Unemp
rpesterfield32,14/12/1961,Female,1,Unemp
gsimenon33,3/3/1940,Male,1,Unemp
cchippendale34,29/1/1995,Female,1,Unemp
hdigiacomo35,15/3/1982,Female,1,Unemp
rmatthewson36,29/3/1969,Male,0,Emp
bfielders37,23/8/1992,Male,1,Emp
khouten38,21/8/2011,Male,0,Unemp
kpellett39,30/6/1984,Male,1,Unemp
bholgan3a,27/6/1995,Female,1,Emp
ccaulliere3b,27/1/1987,Female,1,Emp
spaudin3c,20/3/1984,Male,1,Emp
lroddell3d,29/12/1945,Female,0,Emp
wcotes3e,23/5/2007,Female,0,Unemp
kbaker3f,29/4/2008,Male,1,Unemp
dlaughtisse3g,3/4/1979,Female,0,Emp
dwainwright3h,7/5/1986,Male,1,Unemp
okemm3i,11/3/1952,Female,1,Unemp
cnettleship3j,23/3/1999,Male,0,Unemp
lpiegrome3k,30/10/2005,Female,1,Unemp
mpeskett3l,17/9/2018,Male,0,Emp
kouterbridge3m,19/3/1954,Female,1,Emp
dbricket3n,14/12/2017,Female,0,Emp
isylvester3o,18/8/2005,Male,0,Emp
cgoschalk3p,19/4/1974,Male,0,Emp
cpatterfield3q,15/6/1950,Male,1,Unemp
mnaptine3r,3/2/1990,Female,1,Emp
jleagas3s,7/11/1983,Male,0,Emp
trigeby3t,14/10/1959,Female,1,Unemp
estockin3u,25/2/1999,Male,1,Emp
smulmuray3v,26/5/1951,Male,0,Unemp
mdedden3w,9/11/2003,Male,1,Emp
todowgaine3x,14/8/1983,Female,1,Unemp
koates3y,21/1/1969,Male,0,Emp
cbanbury3z,23/1/2014,Female,0,Emp
jdunridge40,7/12/2001,Female,1,Unemp
jtournie41,11/3/1949,Female,1,Emp
cwerndly42,26/12/2011,Female,0,Unemp
rgiorgeschi43,16/3/1960,Female,1,Unemp
jpoland44,17/4/2007,Female,0,Emp
llakenton45,6/11/1950,Female,0,Unemp
dhallwood46,24/12/2003,Female,0,Emp
ftythacott47,29/3/2013,Female,1,Unemp
lpoultney48,12/7/1970,Male,0,Emp
mallabarton49,30/6/1989,Female,1,Emp
omouland4a,11/6/2016,Male,0,Unemp
bneary4b,24/9/1975,Female,0,Unemp
rdemeyer4c,4/2/1971,Male,1,Unemp
edeamaya4d,18/7/1944,Male,1,Unemp
shurndall4e,14/6/1945,Female,0,Emp
iingilson4f,20/9/1998,Male,0,Emp
ekennealy4g,9/3/1982,Female,0,Unemp
rgoodred4h,21/2/1979,Male,0,Emp
pbetonia4i,24/5/1990,Female,1,Unemp
chercock4j,25/8/1947,Female,1,Emp
rgoodchild4k,7/7/1978,Male,0,Emp
aebbitt4l,17/12/1968,Male,0,Emp
ehorlick4m,16/2/1987,Female,1,Emp
hpudsall4n,29/10/1980,Male,1,Unemp
ewarricker4o,13/4/1965,Male,1,Unemp
nkolin4p,18/3/1947,Female,1,Unemp
gomannion4q,10/6/1951,Male,0,Emp
cocklin4r,14/8/1979,Female,1,Emp
rloody4s,2/9/1979,Male,0,Unemp
blaister4t,13/8/1987,Female,0,Emp
hhearne4u,26/5/2001,Female,0,Emp
tpetegree4v,28/7/1962,Female,0,Unemp
rdarte4w,23/5/1955,Male,0,Unemp
fniles4x,8/6/1965,Male,0,Emp
csenecaut4y,5/12/1982,Male,0,Unemp
lhatton4z,31/1/2011,Male,1,Emp
dmulryan50,21/1/2019,Female,0,Emp
nfarlowe51,25/9/1982,Male,1,Unemp
nitzig52,4/9/2018,Male,0,Unemp
cshiers53,27/6/2015,Female,1,Unemp
stincombe54,30/12/1986,Male,0,Emp
gjarrard55,4/1/1954,Female,1,Unemp
pkapelhoff56,23/4/2007,Male,0,Emp
dbodleigh57,2/9/1948,Male,0,Emp
rgilhool58,11/4/2002,Male,1,Unemp
jchrippes59,4/3/1941,Female,0,Emp
tleadstone5a,19/8/1948,Female,0,Emp
sgrimley5b,4/4/1961,Male,1,Unemp
fclinkard5c,30/11/1993,Male,1,Unemp
aandrew5d,14/9/1988,Male,0,Unemp
nrivard5e,19/5/1990,Male,0,Unemp
cdefries5f,7/3/1950,Female,0,Emp
sdickins5g,16/8/1943,Male,1,Emp
clambden5h,23/2/2003,Female,0,Unemp
odairton5i,5/2/1961,Male,1,Emp
twinchurch5j,26/1/2010,Female,0,Unemp
tlaherty5k,30/6/1954,Male,0,Unemp
wbolliver5l,20/10/2006,Female,0,Emp
lbuttery5m,25/11/2001,Female,1,Emp
bmckimmey5n,18/11/2009,Male,0,Emp
dorht5o,8/12/2000,Male,1,Emp
mcuesta5p,5/4/1996,Male,1,Unemp
ltownley5q,22/4/1971,Female,0,Emp
pcoenraets5r,4/5/1985,Male,0,Emp
aatton5s,7/2/1956,Male,1,Emp
vcornhill5t,9/11/1995,Male,0,Unemp
yenright5u,15/10/2011,Male,0,Emp
oatlay5v,20/4/1991,Female,0,Emp
gsherrocks5w,13/9/2015,Female,1,Emp
lkrimmer5x,6/9/1950,Male,0,Unemp
sbenkin5y,18/3/1940,Female,0,Unemp
jrosgen5z,14/7/2004,Female,1,Unemp
lmacaindreis60,5/2/1951,Female,0,Emp
lgoodhand61,12/2/1960,Female,1,Unemp
agillet62,4/12/1994,Male,0,Emp
tlongson63,20/9/1988,Male,1,Emp
tmarkson64,24/8/1972,Female,1,Unemp
tdolohunty65,19/5/2016,Male,0,Unemp
ebenadette66,24/1/1940,Male,1,Emp
ccluse67,19/7/1975,Male,1,Emp
gkinchlea68,23/6/1954,Male,1,Unemp
mdekeyser69,28/4/2006,Female,0,Emp
drasell6a,14/2/1950,Female,1,Unemp
mfasey6b,19/6/1967,Male,1,Unemp
dgascard6c,6/10/2018,Male,1,Emp
gpamphilon6d,10/10/1994,Male,0,Unemp
pcorwood6e,24/6/1955,Female,0,Emp
psauniere6f,3/11/1954,Female,0,Unemp
cfelmingham6g,18/6/1998,Female,0,Unemp
mmozzetti6h,27/3/1949,Male,0,Emp
dmatthewson6i,4/1/1984,Female,1,Unemp
bogready6j,23/2/1995,Female,1,Unemp
pgaley6k,9/10/1963,Female,1,Unemp
mchatteris6l,8/7/2011,Male,0,Unemp
chowsley6m,17/10/1957,Female,1,Unemp
himbrey6n,16/7/1979,Male,0,Emp
arunacres6o,4/8/2011,Male,1,Emp
jremmers6p,13/5/1973,Male,0,Unemp
kglasson6q,4/8/1951,Male,0,Unemp
psimakov6r,19/12/1965,Female,1,Emp
mbilyard6s,31/10/1942,Male,0,Emp
jinett6t,5/2/1961,Female,0,Emp
olinne6u,27/12/2004,Male,1,Emp
cducarme6v,14/10/1981,Male,0,Emp
hborham6w,10/8/1944,Male,0,Unemp
hmargery6x,29/11/1968,Female,0,Unemp
kparlour6y,4/6/2013,Female,1,Unemp
fkennington6z,15/9/1960,Female,0,Unemp
kspiby70,6/11/2011,Male,0,Unemp
sbellord71,19/9/1983,Male,1,Emp
supham72,20/10/1993,Male,1,Unemp
jbrunsdon73,1/3/1954,Male,1,Unemp
idover74,6/6/1944,Female,1,Unemp
jphinn75,31/1/1955,Female,1,Unemp
kmoyce76,10/8/1950,Female,1,Emp
jcoling77,5/10/1973,Male,1,Emp
aslorach78,8/7/2017,Female,0,Emp
iwoolhouse79,30/5/2002,Female,1,Unemp
ppendre7a,18/10/1999,Male,0,Emp
aselman7b,27/2/1978,Female,0,Emp
keynald7c,20/10/2015,Female,0,Emp
dcandey7d,26/7/1952,Female,0,Unemp
jfrancombe7e,13/1/1987,Female,0,Unemp
vdobble7f,2/12/1978,Female,1,Unemp
zdrewell7g,24/8/1954,Female,1,Unemp
eeasum7h,28/3/1955,Female,0,Unemp
amacconnell7i,8/12/1991,Male,0,Emp
bthyng7j,30/8/1949,Male,1,Unemp
cdakin7k,19/4/1941,Female,0,Emp
jfearnall7l,10/8/1977,Female,1,Emp
jdaborn7m,24/2/1948,Male,0,Unemp
cspikeings7n,17/5/1999,Female,0,Emp
slowell7o,15/12/2004,Female,1,Emp
llowes7p,1/3/2014,Female,1,Emp
kkirman7q,29/4/2018,Male,1,Unemp
cditer7r,4/6/2017,Female,0,Emp
pmarchant7s,21/10/1986,Male,0,Unemp
gpeaddie7t,6/2/1985,Male,0,Emp
gmoniker7u,30/7/1944,Male,0,Emp
aslinger7v,25/9/1956,Male,0,Emp
kclew7w,23/2/1970,Female,1,Unemp
hallwright7x,1/4/1948,Male,1,Emp
btrue7y,25/6/1968,Female,1,Emp
lclaypole7z,2/12/1972,Male,0,Emp
grummery80,22/5/1965,Male,1,Unemp
lmaccarrane81,2/9/1955,Female,0,Unemp
jmenel82,24/1/1948,Male,0,Emp
abendig83,2/8/2019,Female,0,Unemp
wdugald84,29/3/1996,Female,0,Unemp
mnare85,11/2/1977,Male,0,Unemp
malty86,7/3/1955,Female,0,Emp
dpescod87,25/10/1963,Male,0,Unemp
rglamart88,26/3/1974,Male,0,Emp
rprickett89,20/2/1961,Female,1,Unemp
lratie8a,16/8/1970,Male,0,Unemp
cargent8b,1/4/1978,Female,1,Unemp
csmyley8c,1/12/1963,Female,0,Emp
nfolker8d,23/5/1996,Female,0,Emp
ujiles8e,7/6/1967,Male,0,Unemp
mstrainge8f,31/12/1999,Female,0,Emp
mcrother8g,6/5/1989,Female,0,Emp
emalter8h,16/2/1945,Male,1,Unemp
mthams8i,16/2/1971,Male,1,Unemp
elegrove8j,6/8/1978,Male,1,Emp
grousby8k,23/8/1993,Male,1,Emp
hbillborough8l,15/9/1986,Female,1,Unemp
pbatch8m,10/3/2004,Male,1,Emp
vdowding8n,1/11/2006,Female,0,Emp
wbrownsey8o,3/6/1957,Female,0,Emp
plevington8p,25/10/1975,Female,1,Emp
xstronach8q,16/1/1974,Male,0,Unemp
fphilbrook8r,20/5/1963,Male,0,Emp
shambidge8s,22/7/1994,Female,1,Emp
dcattermoul8t,16/12/2003,Male,0,Unemp
aspradbrow8u,7/6/2004,Female,0,Emp
kjaskiewicz8v,2/12/1986,Male,0,Emp
fmcjury8w,15/3/1985,Male,1,Emp
hkondrachenko8x,15/8/1953,Female,1,Unemp
dmitchenson8y,17/8/1994,Male,0,Emp
aboyet8z,4/2/2001,Male,0,Emp
hettels90,16/8/2007,Female,0,Unemp
ckingsnod91,4/3/1983,Male,0,Unemp
tacedo92,14/4/1982,Male,0,Unemp
adennistoun93,1/5/1983,Female,1,Emp
lmccleary94,28/2/1969,Male,1,Emp
scoats95,30/12/1957,Female,0,Unemp
sdivis96,7/6/2002,Female,0,Unemp
tpreston97,15/2/1984,Male,1,Emp
gwhiteside98,27/12/1993,Male,0,Unemp
klawson99,21/4/1977,Male,0,Emp
ichampniss9a,16/11/1940,Female,1,Emp
abraam9b,30/11/1940,Male,0,Unemp
cclapson9c,13/2/1994,Male,0,Emp
rbosence9d,10/8/2019,Female,1,Unemp
adudden9e,20/10/2018,Female,0,Unemp
jsouthers9f,3/7/1955,Male,1,Emp
jbarefoot9g,4/3/2004,Male,1,Emp
atindley9h,15/7/1949,Male,1,Emp
mgymlett9i,30/3/1959,Male,1,Unemp
wgrevile9j,20/1/1978,Male,1,Emp
shuge9k,10/9/1963,Female,1,Emp
wwetherburn9l,23/5/2000,Male,0,Unemp
lclarkewilliams9m,18/10/1963,Female,0,Emp
rreally9n,17/5/1997,Male,0,Unemp
ddobbin9o,12/5/1979,Male,0,Emp
jheeps9p,7/2/1958,Female,1,Unemp
clethieulier9q,7/1/1967,Male,0,Unemp
mbarradell9r,27/11/2013,Female,0,Unemp
glevine9s,26/1/1965,Female,1,Unemp
etrenear9t,15/4/1990,Female,0,Unemp
tsimonson9u,25/3/2000,Male,1,Unemp
nebrall9v,19/12/1966,Female,0,Unemp
aabramsky9w,16/12/2015,Female,0,Unemp
ajouhandeau9x,11/2/1975,Female,0,Emp
hrussilll9y,20/5/1968,Male,1,Emp
ghoffner9z,4/4/1986,Female,0,Emp
gvaninia0,21/5/2001,Female,0,Emp
gbuckella1,30/9/1940,Male,0,Emp
anorthbridgea2,6/8/1974,Male,1,Emp
cfulchera3,22/12/1982,Female,1,Emp
hriccellia4,3/1/1952,Male,0,Unemp
cbocklera5,28/4/1983,Male,0,Emp
yhullera6,6/3/1957,Male,1,Unemp
ellewellya7,17/1/1963,Female,0,Unemp
dmccranna8,13/9/2008,Female,1,Emp
mscadinga9,18/1/2009,Female,0,Unemp
tvazaa,17/6/1955,Female,0,Emp
nwaylandab,19/2/1959,Female,0,Unemp
mleguinac,8/2/1988,Female,0,Emp
cmccloyad,9/9/1990,Female,1,Emp
sbenezeae,24/12/1962,Female,0,Unemp
dcosgraveaf,1/12/1976,Female,0,Unemp
tlindberghag,17/11/2017,Female,1,Unemp
kpottesah,13/8/1982,Male,1,Emp
mivanishevai,28/12/1958,Male,1,Unemp
ccarwithimaj,8/2/1993,Female,1,Emp
ebuglassak,13/6/1999,Female,0,Emp
bdobeyal,15/3/1953,Female,0,Unemp
rbaldcockam,27/12/1953,Male,0,Unemp
dtunkinan,29/3/1972,Male,1,Emp
rviegasao,4/8/1950,Female,1,Emp
fpettigreeap,24/9/1990,Female,1,Unemp
bbrosemanaq,29/10/1965,Female,0,Emp
kskermanar,27/10/1997,Male,1,Unemp
epothburyas,3/7/1952,Female,1,Unemp
ashureyat,8/9/1964,Male,0,Emp
amacsorleyau,14/3/2002,Male,0,Emp
mtwinborneav,1/1/1986,Male,0,Unemp
mdudderidgeaw,20/12/1961,Female,0,Emp
wechelleax,17/3/1989,Male,1,Emp
jmcneishay,12/8/1959,Female,0,Emp
bmateusaz,24/5/1970,Male,0,Emp
nbumpassb0,18/3/1952,Female,0,Emp
sbrimmacombeb1,5/11/2008,Male,1,Emp
bmulhollandb2,1/5/1960,Female,0,Unemp
ddayesb3,3/6/2017,Female,1,Emp
wdowthwaiteb4,17/9/2006,Female,1,Emp
bglidderb5,4/3/1952,Female,1,Emp
zdymickb6,30/3/1948,Female,1,Emp
bgammillb7,1/1/1995,Male,0,Emp
amuncieb8,30/6/1992,Female,1,Emp
dlearb9,4/1/1964,Female,1,Emp
groughleyba,18/12/2004,Male,1,Unemp
kgullanbb,1/12/1971,Female,1,Emp
awillisbc,27/6/1971,Female,0,Emp
wbernhartbd,17/12/1944,Female,1,Emp
cdesaverybe,13/11/2003,Male,0,Unemp
msummonsbf,17/8/2002,Male,1,Unemp
mlongobg,25/9/2018,Female,1,Unemp
cdancebh,13/12/1996,Female,0,Unemp
lcrosettobi,15/5/1964,Female,1,Emp
kshieberbj,27/3/1947,Male,1,Unemp
spipebk,9/3/1978,Male,1,Emp
jfearebl,5/7/1959,Male,0,Unemp
trandlesonbm,24/3/2012,Female,0,Emp
mschimonibn,23/1/1980,Female,0,Unemp
bbubbbo,13/1/1994,Female,1,Unemp
ukilloughbp,29/3/1996,Female,1,Emp
hfakesbq,26/6/1959,Male,0,Unemp
ewennambr,8/8/1985,Male,0,Emp
tfakesbs,20/6/1940,Male,1,Emp
oogbornebt,19/11/1959,Female,0,Emp
bburgoinbu,22/7/1943,Female,1,Emp
kabrahmerbv,14/12/1970,Female,0,Unemp
hgedneybw,22/12/1985,Female,0,Emp
beagerbx,11/9/1972,Male,1,Emp
pjumonetby,4/3/1994,Female,0,Emp
aokieltbz,22/12/2017,Female,0,Emp
ccordingleyc0,30/6/2008,Male,0,Emp
msebrookc1,6/3/1979,Male,0,Unemp
araoulc2,19/4/1954,Female,1,Unemp
fverlingc3,6/10/1966,Male,0,Unemp
jjolliffc4,1/6/2012,Female,1,Emp
ddemeterc5,15/1/2009,Female,0,Unemp
cgrishechkinc6,18/10/2011,Female,1,Emp
trodgierc7,2/10/1976,Male,0,Emp
gtolanc8,26/6/2009,Female,0,Unemp
jvallentinc9,6/12/1992,Male,0,Emp
vlochranca,30/5/1968,Female,0,Emp
ahaggartcb,12/10/1965,Male,1,Emp
dvinascc,5/5/1953,Female,0,Emp
dlafoycd,24/2/1985,Male,0,Unemp
ofurmagece,20/4/2011,Female,1,Emp
jduinbletoncf,16/5/1963,Female,0,Emp
lspinkscg,22/8/1949,Male,0,Emp
egilbridech,18/6/1964,Male,0,Unemp
mpaulilloci,19/6/1954,Male,0,Unemp
hpinkardcj,14/4/1940,Female,1,Emp
dherrievenck,27/1/2002,Male,1,Unemp
bromancl,14/8/1945,Male,1,Unemp
rsandarscm,29/1/2005,Female,1,Unemp
smyrtlecn,18/6/1942,Female,0,Unemp
leverleyco,7/7/1962,Male,1,Unemp
hloobycp,26/10/1944,Male,0,Unemp
chadyecq,23/1/1970,Male,1,Unemp
fwittencr,1/10/1974,Male,0,Emp
ramerighics,23/10/1945,Male,1,Unemp
eredemilect,8/11/1948,Male,1,Emp
oquyecu,8/5/2001,Female,1,Unemp
mbeckenhamcv,8/6/1970,Female,0,Unemp
rworsnopcw,26/1/1965,Male,1,Unemp
rkettowcx,23/8/1964,Female,1,Unemp
ghouldeycy,9/6/1985,Female,1,Unemp
lbeercz,1/11/1958,Male,1,Emp
thaffardd0,26/11/2011,Male,0,Unemp
tcrummyd1,19/3/1957,Male,1,Emp
pthurbornd2,28/9/1984,Male,0,Emp
hbatmand3,12/10/1945,Female,1,Emp
dhurned4,13/4/1942,Male,1,Emp
zdyballd5,19/8/1968,Male,1,Emp
skunzeld6,12/2/1976,Male,1,Unemp
nphonixd7,6/6/1980,Female,0,Emp
dcudd8,21/4/1940,Female,1,Unemp
dmichelmored9,22/9/1999,Male,0,Emp
wmaypesda,12/5/1976,Female,0,Unemp
mmathiasendb,14/8/1962,Female,1,Emp
jconcannondc,7/9/1957,Male,0,Emp
bbaylisdd,28/4/1979,Female,0,Unemp
sgobolosde,6/4/1949,Female,1,Emp
jdurwarddf,22/4/1974,Male,1,Unemp
nsullensdg,7/1/1993,Male,0,Unemp
lbrodleydh,20/4/2018,Male,1,Unemp
lcallisterdi,24/8/1946,Female,0,Emp
cguitedj,24/3/1989,Female,0,Unemp
ewhytedk,30/5/1985,Female,0,Emp
rsquierdl,11/4/1978,Female,0,Emp
hnewrickdm,28/4/1967,Male,0,Unemp
lduhameldn,13/1/1943,Female,1,Emp
ssprittdo,8/1/2019,Male,0,Emp
wmehmetdp,8/10/1947,Male,0,Emp
jrehmdq,26/11/1977,Male,1,Emp
hsnowballdr,7/1/1998,Male,1,Emp
gkyntonds,24/10/1958,Female,1,Emp
acausleydt,21/12/1954,Female,1,Unemp
bbrislandu,1/12/1973,Female,0,Emp
spaulackdv,2/4/1951,Male,1,Emp
